MEX1;Jogador MEX1;Mexico;0
MEX2;Jogador MEX2;Mexico;0
MEX3;Jogador MEX3;Mexico;0
MEX4;Jogador MEX4;Mexico;0
MEX5;Jogador MEX5;Mexico;0
MEX6;Jogador MEX6;Mexico;0
MEX7;Jogador MEX7;Mexico;0
MEX8;Jogador MEX8;Mexico;0
MEX9;Jogador MEX9;Mexico;0
MEX10;Jogador MEX10;Mexico;0
MEX11;Jogador MEX11;Mexico;0
MEX12;Jogador MEX12;Mexico;0
MEX13;Jogador MEX13;Mexico;0
MEX14;Jogador MEX14;Mexico;0
MEX15;Jogador MEX15;Mexico;0
MEX16;Jogador MEX16;Mexico;0
MEX17;Jogador MEX17;Mexico;0
MEX18;Jogador MEX18;Mexico;0
MEX19;Jogador MEX19;Mexico;0
MEX20;Jogador MEX20;Mexico;0
RSA1;Jogador RSA1;Africa do Sul;0
RSA2;Jogador RSA2;Africa do Sul;0
RSA3;Jogador RSA3;Africa do Sul;0
RSA4;Jogador RSA4;Africa do Sul;0
RSA5;Jogador RSA5;Africa do Sul;0
RSA6;Jogador RSA6;Africa do Sul;0
RSA7;Jogador RSA7;Africa do Sul;0
RSA8;Jogador RSA8;Africa do Sul;0
RSA9;Jogador RSA9;Africa do Sul;0
RSA10;Jogador RSA10;Africa do Sul;0
RSA11;Jogador RSA11;Africa do Sul;0
RSA12;Jogador RSA12;Africa do Sul;0
RSA13;Jogador RSA13;Africa do Sul;0
RSA14;Jogador RSA14;Africa do Sul;0
RSA15;Jogador RSA15;Africa do Sul;0
RSA16;Jogador RSA16;Africa do Sul;0
RSA17;Jogador RSA17;Africa do Sul;0
RSA18;Jogador RSA18;Africa do Sul;0
RSA19;Jogador RSA19;Africa do Sul;0
RSA20;Jogador RSA20;Africa do Sul;0
KOR1;Jogador KOR1;Coreia do Sul;0
KOR2;Jogador KOR2;Coreia do Sul;0
KOR3;Jogador KOR3;Coreia do Sul;0
KOR4;Jogador KOR4;Coreia do Sul;0
KOR5;Jogador KOR5;Coreia do Sul;0
KOR6;Jogador KOR6;Coreia do Sul;0
KOR7;Jogador KOR7;Coreia do Sul;0
KOR8;Jogador KOR8;Coreia do Sul;0
KOR9;Jogador KOR9;Coreia do Sul;0
KOR10;Jogador KOR10;Coreia do Sul;0
KOR11;Jogador KOR11;Coreia do Sul;0
KOR12;Jogador KOR12;Coreia do Sul;0
KOR13;Jogador KOR13;Coreia do Sul;0
KOR14;Jogador KOR14;Coreia do Sul;0
KOR15;Jogador KOR15;Coreia do Sul;0
KOR16;Jogador KOR16;Coreia do Sul;0
KOR17;Jogador KOR17;Coreia do Sul;0
KOR18;Jogador KOR18;Coreia do Sul;0
KOR19;Jogador KOR19;Coreia do Sul;0
KOR20;Jogador KOR20;Coreia do Sul;0
CZE1;Jogador CZE1;Republica Tcheca;0
CZE2;Jogador CZE2;Republica Tcheca;0
CZE3;Jogador CZE3;Republica Tcheca;0
CZE4;Jogador CZE4;Republica Tcheca;0
CZE5;Jogador CZE5;Republica Tcheca;0
CZE6;Jogador CZE6;Republica Tcheca;0
CZE7;Jogador CZE7;Republica Tcheca;0
CZE8;Jogador CZE8;Republica Tcheca;0
CZE9;Jogador CZE9;Republica Tcheca;0
CZE10;Jogador CZE10;Republica Tcheca;0
CZE11;Jogador CZE11;Republica Tcheca;0
CZE12;Jogador CZE12;Republica Tcheca;0
CZE13;Jogador CZE13;Republica Tcheca;0
CZE14;Jogador CZE14;Republica Tcheca;0
CZE15;Jogador CZE15;Republica Tcheca;0
CZE16;Jogador CZE16;Republica Tcheca;0
CZE17;Jogador CZE17;Republica Tcheca;0
CZE18;Jogador CZE18;Republica Tcheca;0
CZE19;Jogador CZE19;Republica Tcheca;0
CZE20;Jogador CZE20;Republica Tcheca;0
CAN1;Jogador CAN1;Canada;0
CAN2;Jogador CAN2;Canada;0
CAN3;Jogador CAN3;Canada;0
CAN4;Jogador CAN4;Canada;0
CAN5;Jogador CAN5;Canada;0
CAN6;Jogador CAN6;Canada;0
CAN7;Jogador CAN7;Canada;0
CAN8;Jogador CAN8;Canada;0
CAN9;Jogador CAN9;Canada;0
CAN10;Jogador CAN10;Canada;0
CAN11;Jogador CAN11;Canada;0
CAN12;Jogador CAN12;Canada;0
CAN13;Jogador CAN13;Canada;0
CAN14;Jogador CAN14;Canada;0
CAN15;Jogador CAN15;Canada;0
CAN16;Jogador CAN16;Canada;0
CAN17;Jogador CAN17;Canada;0
CAN18;Jogador CAN18;Canada;0
CAN19;Jogador CAN19;Canada;0
CAN20;Jogador CAN20;Canada;0
BIH1;Jogador BIH1;Bosnia;0
BIH2;Jogador BIH2;Bosnia;0
BIH3;Jogador BIH3;Bosnia;0
BIH4;Jogador BIH4;Bosnia;0
BIH5;Jogador BIH5;Bosnia;0
BIH6;Jogador BIH6;Bosnia;0
BIH7;Jogador BIH7;Bosnia;0
BIH8;Jogador BIH8;Bosnia;0
BIH9;Jogador BIH9;Bosnia;0
BIH10;Jogador BIH10;Bosnia;0
BIH11;Jogador BIH11;Bosnia;0
BIH12;Jogador BIH12;Bosnia;0
BIH13;Jogador BIH13;Bosnia;0
BIH14;Jogador BIH14;Bosnia;0
BIH15;Jogador BIH15;Bosnia;0
BIH16;Jogador BIH16;Bosnia;0
BIH17;Jogador BIH17;Bosnia;0
BIH18;Jogador BIH18;Bosnia;0
BIH19;Jogador BIH19;Bosnia;0
BIH20;Jogador BIH20;Bosnia;0
QAT1;Jogador QAT1;Catar;0
QAT2;Jogador QAT2;Catar;0
QAT3;Jogador QAT3;Catar;0
QAT4;Jogador QAT4;Catar;0
QAT5;Jogador QAT5;Catar;0
QAT6;Jogador QAT6;Catar;0
QAT7;Jogador QAT7;Catar;0
QAT8;Jogador QAT8;Catar;0
QAT9;Jogador QAT9;Catar;0
QAT10;Jogador QAT10;Catar;0
QAT11;Jogador QAT11;Catar;0
QAT12;Jogador QAT12;Catar;0
QAT13;Jogador QAT13;Catar;0
QAT14;Jogador QAT14;Catar;0
QAT15;Jogador QAT15;Catar;0
QAT16;Jogador QAT16;Catar;0
QAT17;Jogador QAT17;Catar;0
QAT18;Jogador QAT18;Catar;0
QAT19;Jogador QAT19;Catar;0
QAT20;Jogador QAT20;Catar;0
SUI1;Jogador SUI1;Suica;0
SUI2;Jogador SUI2;Suica;0
SUI3;Jogador SUI3;Suica;0
SUI4;Jogador SUI4;Suica;0
SUI5;Jogador SUI5;Suica;0
SUI6;Jogador SUI6;Suica;0
SUI7;Jogador SUI7;Suica;0
SUI8;Jogador SUI8;Suica;0
SUI9;Jogador SUI9;Suica;0
SUI10;Jogador SUI10;Suica;0
SUI11;Jogador SUI11;Suica;0
SUI12;Jogador SUI12;Suica;0
SUI13;Jogador SUI13;Suica;0
SUI14;Jogador SUI14;Suica;0
SUI15;Jogador SUI15;Suica;0
SUI16;Jogador SUI16;Suica;0
SUI17;Jogador SUI17;Suica;0
SUI18;Jogador SUI18;Suica;0
SUI19;Jogador SUI19;Suica;0
SUI20;Jogador SUI20;Suica;0
BRA1;Jogador BRA1;Brasil;0
BRA2;Jogador BRA2;Brasil;0
BRA3;Jogador BRA3;Brasil;0
BRA4;Jogador BRA4;Brasil;0
BRA5;Jogador BRA5;Brasil;0
BRA6;Jogador BRA6;Brasil;0
BRA7;Jogador BRA7;Brasil;0
BRA8;Jogador BRA8;Brasil;0
BRA9;Jogador BRA9;Brasil;0
BRA10;Jogador BRA10;Brasil;0
BRA11;Jogador BRA11;Brasil;0
BRA12;Jogador BRA12;Brasil;0
BRA13;Jogador BRA13;Brasil;0
BRA14;Jogador BRA14;Brasil;0
BRA15;Jogador BRA15;Brasil;0
BRA16;Jogador BRA16;Brasil;0
BRA17;Jogador BRA17;Brasil;0
BRA18;Jogador BRA18;Brasil;0
BRA19;Jogador BRA19;Brasil;0
BRA20;Jogador BRA20;Brasil;0
MAR1;Jogador MAR1;Marrocos;0
MAR2;Jogador MAR2;Marrocos;0
MAR3;Jogador MAR3;Marrocos;0
MAR4;Jogador MAR4;Marrocos;0
MAR5;Jogador MAR5;Marrocos;0
MAR6;Jogador MAR6;Marrocos;0
MAR7;Jogador MAR7;Marrocos;0
MAR8;Jogador MAR8;Marrocos;0
MAR9;Jogador MAR9;Marrocos;0
MAR10;Jogador MAR10;Marrocos;0
MAR11;Jogador MAR11;Marrocos;0
MAR12;Jogador MAR12;Marrocos;0
MAR13;Jogador MAR13;Marrocos;0
MAR14;Jogador MAR14;Marrocos;0
MAR15;Jogador MAR15;Marrocos;0
MAR16;Jogador MAR16;Marrocos;0
MAR17;Jogador MAR17;Marrocos;0
MAR18;Jogador MAR18;Marrocos;0
MAR19;Jogador MAR19;Marrocos;0
MAR20;Jogador MAR20;Marrocos;0
HAI1;Jogador HAI1;Haiti;0
HAI2;Jogador HAI2;Haiti;0
HAI3;Jogador HAI3;Haiti;0
HAI4;Jogador HAI4;Haiti;0
HAI5;Jogador HAI5;Haiti;0
HAI6;Jogador HAI6;Haiti;0
HAI7;Jogador HAI7;Haiti;0
HAI8;Jogador HAI8;Haiti;0
HAI9;Jogador HAI9;Haiti;0
HAI10;Jogador HAI10;Haiti;0
HAI11;Jogador HAI11;Haiti;0
HAI12;Jogador HAI12;Haiti;0
HAI13;Jogador HAI13;Haiti;0
HAI14;Jogador HAI14;Haiti;0
HAI15;Jogador HAI15;Haiti;0
HAI16;Jogador HAI16;Haiti;0
HAI17;Jogador HAI17;Haiti;0
HAI18;Jogador HAI18;Haiti;0
HAI19;Jogador HAI19;Haiti;0
HAI20;Jogador HAI20;Haiti;0
SCO1;Jogador SCO1;Escocia;0
SCO2;Jogador SCO2;Escocia;0
SCO3;Jogador SCO3;Escocia;0
SCO4;Jogador SCO4;Escocia;0
SCO5;Jogador SCO5;Escocia;0
SCO6;Jogador SCO6;Escocia;0
SCO7;Jogador SCO7;Escocia;0
SCO8;Jogador SCO8;Escocia;0
SCO9;Jogador SCO9;Escocia;0
SCO10;Jogador SCO10;Escocia;0
SCO11;Jogador SCO11;Escocia;0
SCO12;Jogador SCO12;Escocia;0
SCO13;Jogador SCO13;Escocia;0
SCO14;Jogador SCO14;Escocia;0
SCO15;Jogador SCO15;Escocia;0
SCO16;Jogador SCO16;Escocia;0
SCO17;Jogador SCO17;Escocia;0
SCO18;Jogador SCO18;Escocia;0
SCO19;Jogador SCO19;Escocia;0
SCO20;Jogador SCO20;Escocia;0
USA1;Jogador USA1;Estados Unidos;0
USA2;Jogador USA2;Estados Unidos;0
USA3;Jogador USA3;Estados Unidos;0
USA4;Jogador USA4;Estados Unidos;0
USA5;Jogador USA5;Estados Unidos;0
USA6;Jogador USA6;Estados Unidos;0
USA7;Jogador USA7;Estados Unidos;0
USA8;Jogador USA8;Estados Unidos;0
USA9;Jogador USA9;Estados Unidos;0
USA10;Jogador USA10;Estados Unidos;0
USA11;Jogador USA11;Estados Unidos;0
USA12;Jogador USA12;Estados Unidos;0
USA13;Jogador USA13;Estados Unidos;0
USA14;Jogador USA14;Estados Unidos;0
USA15;Jogador USA15;Estados Unidos;0
USA16;Jogador USA16;Estados Unidos;0
USA17;Jogador USA17;Estados Unidos;0
USA18;Jogador USA18;Estados Unidos;0
USA19;Jogador USA19;Estados Unidos;0
USA20;Jogador USA20;Estados Unidos;0
PAR1;Jogador PAR1;Paraguai;0
PAR2;Jogador PAR2;Paraguai;0
PAR3;Jogador PAR3;Paraguai;0
PAR4;Jogador PAR4;Paraguai;0
PAR5;Jogador PAR5;Paraguai;0
PAR6;Jogador PAR6;Paraguai;0
PAR7;Jogador PAR7;Paraguai;0
PAR8;Jogador PAR8;Paraguai;0
PAR9;Jogador PAR9;Paraguai;0
PAR10;Jogador PAR10;Paraguai;0
PAR11;Jogador PAR11;Paraguai;0
PAR12;Jogador PAR12;Paraguai;0
PAR13;Jogador PAR13;Paraguai;0
PAR14;Jogador PAR14;Paraguai;0
PAR15;Jogador PAR15;Paraguai;0
PAR16;Jogador PAR16;Paraguai;0
PAR17;Jogador PAR17;Paraguai;0
PAR18;Jogador PAR18;Paraguai;0
PAR19;Jogador PAR19;Paraguai;0
PAR20;Jogador PAR20;Paraguai;0
AUS1;Jogador AUS1;Australia;0
AUS2;Jogador AUS2;Australia;0
AUS3;Jogador AUS3;Australia;0
AUS4;Jogador AUS4;Australia;0
AUS5;Jogador AUS5;Australia;0
AUS6;Jogador AUS6;Australia;0
AUS7;Jogador AUS7;Australia;0
AUS8;Jogador AUS8;Australia;0
AUS9;Jogador AUS9;Australia;0
AUS10;Jogador AUS10;Australia;0
AUS11;Jogador AUS11;Australia;0
AUS12;Jogador AUS12;Australia;0
AUS13;Jogador AUS13;Australia;0
AUS14;Jogador AUS14;Australia;0
AUS15;Jogador AUS15;Australia;0
AUS16;Jogador AUS16;Australia;0
AUS17;Jogador AUS17;Australia;0
AUS18;Jogador AUS18;Australia;0
AUS19;Jogador AUS19;Australia;0
AUS20;Jogador AUS20;Australia;0
TUR1;Jogador TUR1;Turquia;0
TUR2;Jogador TUR2;Turquia;0
TUR3;Jogador TUR3;Turquia;0
TUR4;Jogador TUR4;Turquia;0
TUR5;Jogador TUR5;Turquia;0
TUR6;Jogador TUR6;Turquia;0
TUR7;Jogador TUR7;Turquia;0
TUR8;Jogador TUR8;Turquia;0
TUR9;Jogador TUR9;Turquia;0
TUR10;Jogador TUR10;Turquia;0
TUR11;Jogador TUR11;Turquia;0
TUR12;Jogador TUR12;Turquia;0
TUR13;Jogador TUR13;Turquia;0
TUR14;Jogador TUR14;Turquia;0
TUR15;Jogador TUR15;Turquia;0
TUR16;Jogador TUR16;Turquia;0
TUR17;Jogador TUR17;Turquia;0
TUR18;Jogador TUR18;Turquia;0
TUR19;Jogador TUR19;Turquia;0
TUR20;Jogador TUR20;Turquia;0
GER1;Jogador GER1;Alemanha;0
GER2;Jogador GER2;Alemanha;0
GER3;Jogador GER3;Alemanha;0
GER4;Jogador GER4;Alemanha;0
GER5;Jogador GER5;Alemanha;0
GER6;Jogador GER6;Alemanha;0
GER7;Jogador GER7;Alemanha;0
GER8;Jogador GER8;Alemanha;0
GER9;Jogador GER9;Alemanha;0
GER10;Jogador GER10;Alemanha;0
GER11;Jogador GER11;Alemanha;0
GER12;Jogador GER12;Alemanha;0
GER13;Jogador GER13;Alemanha;0
GER14;Jogador GER14;Alemanha;0
GER15;Jogador GER15;Alemanha;0
GER16;Jogador GER16;Alemanha;0
GER17;Jogador GER17;Alemanha;0
GER18;Jogador GER18;Alemanha;0
GER19;Jogador GER19;Alemanha;0
GER20;Jogador GER20;Alemanha;0
CUW1;Jogador CUW1;Curacao;0
CUW2;Jogador CUW2;Curacao;0
CUW3;Jogador CUW3;Curacao;0
CUW4;Jogador CUW4;Curacao;0
CUW5;Jogador CUW5;Curacao;0
CUW6;Jogador CUW6;Curacao;0
CUW7;Jogador CUW7;Curacao;0
CUW8;Jogador CUW8;Curacao;0
CUW9;Jogador CUW9;Curacao;0
CUW10;Jogador CUW10;Curacao;0
CUW11;Jogador CUW11;Curacao;0
CUW12;Jogador CUW12;Curacao;0
CUW13;Jogador CUW13;Curacao;0
CUW14;Jogador CUW14;Curacao;0
CUW15;Jogador CUW15;Curacao;0
CUW16;Jogador CUW16;Curacao;0
CUW17;Jogador CUW17;Curacao;0
CUW18;Jogador CUW18;Curacao;0
CUW19;Jogador CUW19;Curacao;0
CUW20;Jogador CUW20;Curacao;0
CIV1;Jogador CIV1;Costa do Marfim;0
CIV2;Jogador CIV2;Costa do Marfim;0
CIV3;Jogador CIV3;Costa do Marfim;0
CIV4;Jogador CIV4;Costa do Marfim;0
CIV5;Jogador CIV5;Costa do Marfim;0
CIV6;Jogador CIV6;Costa do Marfim;0
CIV7;Jogador CIV7;Costa do Marfim;0
CIV8;Jogador CIV8;Costa do Marfim;0
CIV9;Jogador CIV9;Costa do Marfim;0
CIV10;Jogador CIV10;Costa do Marfim;0
CIV11;Jogador CIV11;Costa do Marfim;0
CIV12;Jogador CIV12;Costa do Marfim;0
CIV13;Jogador CIV13;Costa do Marfim;0
CIV14;Jogador CIV14;Costa do Marfim;0
CIV15;Jogador CIV15;Costa do Marfim;0
CIV16;Jogador CIV16;Costa do Marfim;0
CIV17;Jogador CIV17;Costa do Marfim;0
CIV18;Jogador CIV18;Costa do Marfim;0
CIV19;Jogador CIV19;Costa do Marfim;0
CIV20;Jogador CIV20;Costa do Marfim;0
ECU1;Jogador ECU1;Equador;0
ECU2;Jogador ECU2;Equador;0
ECU3;Jogador ECU3;Equador;0
ECU4;Jogador ECU4;Equador;0
ECU5;Jogador ECU5;Equador;0
ECU6;Jogador ECU6;Equador;0
ECU7;Jogador ECU7;Equador;0
ECU8;Jogador ECU8;Equador;0
ECU9;Jogador ECU9;Equador;0
ECU10;Jogador ECU10;Equador;0
ECU11;Jogador ECU11;Equador;0
ECU12;Jogador ECU12;Equador;0
ECU13;Jogador ECU13;Equador;0
ECU14;Jogador ECU14;Equador;0
ECU15;Jogador ECU15;Equador;0
ECU16;Jogador ECU16;Equador;0
ECU17;Jogador ECU17;Equador;0
ECU18;Jogador ECU18;Equador;0
ECU19;Jogador ECU19;Equador;0
ECU20;Jogador ECU20;Equador;0
NED1;Jogador NED1;Holanda;0
NED2;Jogador NED2;Holanda;0
NED3;Jogador NED3;Holanda;0
NED4;Jogador NED4;Holanda;0
NED5;Jogador NED5;Holanda;0
NED6;Jogador NED6;Holanda;0
NED7;Jogador NED7;Holanda;0
NED8;Jogador NED8;Holanda;0
NED9;Jogador NED9;Holanda;0
NED10;Jogador NED10;Holanda;0
NED11;Jogador NED11;Holanda;0
NED12;Jogador NED12;Holanda;0
NED13;Jogador NED13;Holanda;0
NED14;Jogador NED14;Holanda;0
NED15;Jogador NED15;Holanda;0
NED16;Jogador NED16;Holanda;0
NED17;Jogador NED17;Holanda;0
NED18;Jogador NED18;Holanda;0
NED19;Jogador NED19;Holanda;0
NED20;Jogador NED20;Holanda;0
JPN1;Jogador JPN1;Japao;0
JPN2;Jogador JPN2;Japao;0
JPN3;Jogador JPN3;Japao;0
JPN4;Jogador JPN4;Japao;0
JPN5;Jogador JPN5;Japao;0
JPN6;Jogador JPN6;Japao;0
JPN7;Jogador JPN7;Japao;0
JPN8;Jogador JPN8;Japao;0
JPN9;Jogador JPN9;Japao;0
JPN10;Jogador JPN10;Japao;0
JPN11;Jogador JPN11;Japao;0
JPN12;Jogador JPN12;Japao;0
JPN13;Jogador JPN13;Japao;0
JPN14;Jogador JPN14;Japao;0
JPN15;Jogador JPN15;Japao;0
JPN16;Jogador JPN16;Japao;0
JPN17;Jogador JPN17;Japao;0
JPN18;Jogador JPN18;Japao;0
JPN19;Jogador JPN19;Japao;0
JPN20;Jogador JPN20;Japao;0
SWE1;Jogador SWE1;Suecia;0
SWE2;Jogador SWE2;Suecia;0
SWE3;Jogador SWE3;Suecia;0
SWE4;Jogador SWE4;Suecia;0
SWE5;Jogador SWE5;Suecia;0
SWE6;Jogador SWE6;Suecia;0
SWE7;Jogador SWE7;Suecia;0
SWE8;Jogador SWE8;Suecia;0
SWE9;Jogador SWE9;Suecia;0
SWE10;Jogador SWE10;Suecia;0
SWE11;Jogador SWE11;Suecia;0
SWE12;Jogador SWE12;Suecia;0
SWE13;Jogador SWE13;Suecia;0
SWE14;Jogador SWE14;Suecia;0
SWE15;Jogador SWE15;Suecia;0
SWE16;Jogador SWE16;Suecia;0
SWE17;Jogador SWE17;Suecia;0
SWE18;Jogador SWE18;Suecia;0
SWE19;Jogador SWE19;Suecia;0
SWE20;Jogador SWE20;Suecia;0
TUN1;Jogador TUN1;Tunisia;0
TUN2;Jogador TUN2;Tunisia;0
TUN3;Jogador TUN3;Tunisia;0
TUN4;Jogador TUN4;Tunisia;0
TUN5;Jogador TUN5;Tunisia;0
TUN6;Jogador TUN6;Tunisia;0
TUN7;Jogador TUN7;Tunisia;0
TUN8;Jogador TUN8;Tunisia;0
TUN9;Jogador TUN9;Tunisia;0
TUN10;Jogador TUN10;Tunisia;0
TUN11;Jogador TUN11;Tunisia;0
TUN12;Jogador TUN12;Tunisia;0
TUN13;Jogador TUN13;Tunisia;0
TUN14;Jogador TUN14;Tunisia;0
TUN15;Jogador TUN15;Tunisia;0
TUN16;Jogador TUN16;Tunisia;0
TUN17;Jogador TUN17;Tunisia;0
TUN18;Jogador TUN18;Tunisia;0
TUN19;Jogador TUN19;Tunisia;0
TUN20;Jogador TUN20;Tunisia;0
BEL1;Jogador BEL1;Belgica;0
BEL2;Jogador BEL2;Belgica;0
BEL3;Jogador BEL3;Belgica;0
BEL4;Jogador BEL4;Belgica;0
BEL5;Jogador BEL5;Belgica;0
BEL6;Jogador BEL6;Belgica;0
BEL7;Jogador BEL7;Belgica;0
BEL8;Jogador BEL8;Belgica;0
BEL9;Jogador BEL9;Belgica;0
BEL10;Jogador BEL10;Belgica;0
BEL11;Jogador BEL11;Belgica;0
BEL12;Jogador BEL12;Belgica;0
BEL13;Jogador BEL13;Belgica;0
BEL14;Jogador BEL14;Belgica;0
BEL15;Jogador BEL15;Belgica;0
BEL16;Jogador BEL16;Belgica;0
BEL17;Jogador BEL17;Belgica;0
BEL18;Jogador BEL18;Belgica;0
BEL19;Jogador BEL19;Belgica;0
BEL20;Jogador BEL20;Belgica;0
EGY1;Jogador EGY1;Egito;0
EGY2;Jogador EGY2;Egito;0
EGY3;Jogador EGY3;Egito;0
EGY4;Jogador EGY4;Egito;0
EGY5;Jogador EGY5;Egito;0
EGY6;Jogador EGY6;Egito;0
EGY7;Jogador EGY7;Egito;0
EGY8;Jogador EGY8;Egito;0
EGY9;Jogador EGY9;Egito;0
EGY10;Jogador EGY10;Egito;0
EGY11;Jogador EGY11;Egito;0
EGY12;Jogador EGY12;Egito;0
EGY13;Jogador EGY13;Egito;0
EGY14;Jogador EGY14;Egito;0
EGY15;Jogador EGY15;Egito;0
EGY16;Jogador EGY16;Egito;0
EGY17;Jogador EGY17;Egito;0
EGY18;Jogador EGY18;Egito;0
EGY19;Jogador EGY19;Egito;0
EGY20;Jogador EGY20;Egito;0
IRN1;Jogador IRN1;Ira;0
IRN2;Jogador IRN2;Ira;0
IRN3;Jogador IRN3;Ira;0
IRN4;Jogador IRN4;Ira;0
IRN5;Jogador IRN5;Ira;0
IRN6;Jogador IRN6;Ira;0
IRN7;Jogador IRN7;Ira;0
IRN8;Jogador IRN8;Ira;0
IRN9;Jogador IRN9;Ira;0
IRN10;Jogador IRN10;Ira;0
IRN11;Jogador IRN11;Ira;0
IRN12;Jogador IRN12;Ira;0
IRN13;Jogador IRN13;Ira;0
IRN14;Jogador IRN14;Ira;0
IRN15;Jogador IRN15;Ira;0
IRN16;Jogador IRN16;Ira;0
IRN17;Jogador IRN17;Ira;0
IRN18;Jogador IRN18;Ira;0
IRN19;Jogador IRN19;Ira;0
IRN20;Jogador IRN20;Ira;0
NZL1;Jogador NZL1;Nova Zelandia;0
NZL2;Jogador NZL2;Nova Zelandia;0
NZL3;Jogador NZL3;Nova Zelandia;0
NZL4;Jogador NZL4;Nova Zelandia;0
NZL5;Jogador NZL5;Nova Zelandia;0
NZL6;Jogador NZL6;Nova Zelandia;0
NZL7;Jogador NZL7;Nova Zelandia;0
NZL8;Jogador NZL8;Nova Zelandia;0
NZL9;Jogador NZL9;Nova Zelandia;0
NZL10;Jogador NZL10;Nova Zelandia;0
NZL11;Jogador NZL11;Nova Zelandia;0
NZL12;Jogador NZL12;Nova Zelandia;0
NZL13;Jogador NZL13;Nova Zelandia;0
NZL14;Jogador NZL14;Nova Zelandia;0
NZL15;Jogador NZL15;Nova Zelandia;0
NZL16;Jogador NZL16;Nova Zelandia;0
NZL17;Jogador NZL17;Nova Zelandia;0
NZL18;Jogador NZL18;Nova Zelandia;0
NZL19;Jogador NZL19;Nova Zelandia;0
NZL20;Jogador NZL20;Nova Zelandia;0
ESP1;Jogador ESP1;Espanha;0
ESP2;Jogador ESP2;Espanha;0
ESP3;Jogador ESP3;Espanha;0
ESP4;Jogador ESP4;Espanha;0
ESP5;Jogador ESP5;Espanha;0
ESP6;Jogador ESP6;Espanha;0
ESP7;Jogador ESP7;Espanha;0
ESP8;Jogador ESP8;Espanha;0
ESP9;Jogador ESP9;Espanha;0
ESP10;Jogador ESP10;Espanha;0
ESP11;Jogador ESP11;Espanha;0
ESP12;Jogador ESP12;Espanha;0
ESP13;Jogador ESP13;Espanha;0
ESP14;Jogador ESP14;Espanha;0
ESP15;Jogador ESP15;Espanha;0
ESP16;Jogador ESP16;Espanha;0
ESP17;Jogador ESP17;Espanha;0
ESP18;Jogador ESP18;Espanha;0
ESP19;Jogador ESP19;Espanha;0
ESP20;Jogador ESP20;Espanha;0
CPV1;Jogador CPV1;Cabo Verde;0
CPV2;Jogador CPV2;Cabo Verde;0
CPV3;Jogador CPV3;Cabo Verde;0
CPV4;Jogador CPV4;Cabo Verde;0
CPV5;Jogador CPV5;Cabo Verde;0
CPV6;Jogador CPV6;Cabo Verde;0
CPV7;Jogador CPV7;Cabo Verde;0
CPV8;Jogador CPV8;Cabo Verde;0
CPV9;Jogador CPV9;Cabo Verde;0
CPV10;Jogador CPV10;Cabo Verde;0
CPV11;Jogador CPV11;Cabo Verde;0
CPV12;Jogador CPV12;Cabo Verde;0
CPV13;Jogador CPV13;Cabo Verde;0
CPV14;Jogador CPV14;Cabo Verde;0
CPV15;Jogador CPV15;Cabo Verde;0
CPV16;Jogador CPV16;Cabo Verde;0
CPV17;Jogador CPV17;Cabo Verde;0
CPV18;Jogador CPV18;Cabo Verde;0
CPV19;Jogador CPV19;Cabo Verde;0
CPV20;Jogador CPV20;Cabo Verde;0
KSA1;Jogador KSA1;Arabia Saudita;0
KSA2;Jogador KSA2;Arabia Saudita;0
KSA3;Jogador KSA3;Arabia Saudita;0
KSA4;Jogador KSA4;Arabia Saudita;0
KSA5;Jogador KSA5;Arabia Saudita;0
KSA6;Jogador KSA6;Arabia Saudita;0
KSA7;Jogador KSA7;Arabia Saudita;0
KSA8;Jogador KSA8;Arabia Saudita;0
KSA9;Jogador KSA9;Arabia Saudita;0
KSA10;Jogador KSA10;Arabia Saudita;0
KSA11;Jogador KSA11;Arabia Saudita;0
KSA12;Jogador KSA12;Arabia Saudita;0
KSA13;Jogador KSA13;Arabia Saudita;0
KSA14;Jogador KSA14;Arabia Saudita;0
KSA15;Jogador KSA15;Arabia Saudita;0
KSA16;Jogador KSA16;Arabia Saudita;0
KSA17;Jogador KSA17;Arabia Saudita;0
KSA18;Jogador KSA18;Arabia Saudita;0
KSA19;Jogador KSA19;Arabia Saudita;0
KSA20;Jogador KSA20;Arabia Saudita;0
URU1;Jogador URU1;Uruguai;0
URU2;Jogador URU2;Uruguai;0
URU3;Jogador URU3;Uruguai;0
URU4;Jogador URU4;Uruguai;0
URU5;Jogador URU5;Uruguai;0
URU6;Jogador URU6;Uruguai;0
URU7;Jogador URU7;Uruguai;0
URU8;Jogador URU8;Uruguai;0
URU9;Jogador URU9;Uruguai;0
URU10;Jogador URU10;Uruguai;0
URU11;Jogador URU11;Uruguai;0
URU12;Jogador URU12;Uruguai;0
URU13;Jogador URU13;Uruguai;0
URU14;Jogador URU14;Uruguai;0
URU15;Jogador URU15;Uruguai;0
URU16;Jogador URU16;Uruguai;0
URU17;Jogador URU17;Uruguai;0
URU18;Jogador URU18;Uruguai;0
URU19;Jogador URU19;Uruguai;0
URU20;Jogador URU20;Uruguai;0
FRA1;Jogador FRA1;Franca;0
FRA2;Jogador FRA2;Franca;0
FRA3;Jogador FRA3;Franca;0
FRA4;Jogador FRA4;Franca;0
FRA5;Jogador FRA5;Franca;0
FRA6;Jogador FRA6;Franca;0
FRA7;Jogador FRA7;Franca;0
FRA8;Jogador FRA8;Franca;0
FRA9;Jogador FRA9;Franca;0
FRA10;Jogador FRA10;Franca;0
FRA11;Jogador FRA11;Franca;0
FRA12;Jogador FRA12;Franca;0
FRA13;Jogador FRA13;Franca;0
FRA14;Jogador FRA14;Franca;0
FRA15;Jogador FRA15;Franca;0
FRA16;Jogador FRA16;Franca;0
FRA17;Jogador FRA17;Franca;0
FRA18;Jogador FRA18;Franca;0
FRA19;Jogador FRA19;Franca;0
FRA20;Jogador FRA20;Franca;0
SEN1;Jogador SEN1;Senegal;0
SEN2;Jogador SEN2;Senegal;0
SEN3;Jogador SEN3;Senegal;0
SEN4;Jogador SEN4;Senegal;0
SEN5;Jogador SEN5;Senegal;0
SEN6;Jogador SEN6;Senegal;0
SEN7;Jogador SEN7;Senegal;0
SEN8;Jogador SEN8;Senegal;0
SEN9;Jogador SEN9;Senegal;0
SEN10;Jogador SEN10;Senegal;0
SEN11;Jogador SEN11;Senegal;0
SEN12;Jogador SEN12;Senegal;0
SEN13;Jogador SEN13;Senegal;0
SEN14;Jogador SEN14;Senegal;0
SEN15;Jogador SEN15;Senegal;0
SEN16;Jogador SEN16;Senegal;0
SEN17;Jogador SEN17;Senegal;0
SEN18;Jogador SEN18;Senegal;0
SEN19;Jogador SEN19;Senegal;0
SEN20;Jogador SEN20;Senegal;0
IRQ1;Jogador IRQ1;Iraque;0
IRQ2;Jogador IRQ2;Iraque;0
IRQ3;Jogador IRQ3;Iraque;0
IRQ4;Jogador IRQ4;Iraque;0
IRQ5;Jogador IRQ5;Iraque;0
IRQ6;Jogador IRQ6;Iraque;0
IRQ7;Jogador IRQ7;Iraque;0
IRQ8;Jogador IRQ8;Iraque;0
IRQ9;Jogador IRQ9;Iraque;0
IRQ10;Jogador IRQ10;Iraque;0
IRQ11;Jogador IRQ11;Iraque;0
IRQ12;Jogador IRQ12;Iraque;0
IRQ13;Jogador IRQ13;Iraque;0
IRQ14;Jogador IRQ14;Iraque;0
IRQ15;Jogador IRQ15;Iraque;0
IRQ16;Jogador IRQ16;Iraque;0
IRQ17;Jogador IRQ17;Iraque;0
IRQ18;Jogador IRQ18;Iraque;0
IRQ19;Jogador IRQ19;Iraque;0
IRQ20;Jogador IRQ20;Iraque;0
NOR1;Jogador NOR1;Noruega;0
NOR2;Jogador NOR2;Noruega;0
NOR3;Jogador NOR3;Noruega;0
NOR4;Jogador NOR4;Noruega;0
NOR5;Jogador NOR5;Noruega;0
NOR6;Jogador NOR6;Noruega;0
NOR7;Jogador NOR7;Noruega;0
NOR8;Jogador NOR8;Noruega;0
NOR9;Jogador NOR9;Noruega;0
NOR10;Jogador NOR10;Noruega;0
NOR11;Jogador NOR11;Noruega;0
NOR12;Jogador NOR12;Noruega;0
NOR13;Jogador NOR13;Noruega;0
NOR14;Jogador NOR14;Noruega;0
NOR15;Jogador NOR15;Noruega;0
NOR16;Jogador NOR16;Noruega;0
NOR17;Jogador NOR17;Noruega;0
NOR18;Jogador NOR18;Noruega;0
NOR19;Jogador NOR19;Noruega;0
NOR20;Jogador NOR20;Noruega;0
ARG1;Jogador ARG1;Argentina;0
ARG2;Jogador ARG2;Argentina;0
ARG3;Jogador ARG3;Argentina;0
ARG4;Jogador ARG4;Argentina;0
ARG5;Jogador ARG5;Argentina;0
ARG6;Jogador ARG6;Argentina;0
ARG7;Jogador ARG7;Argentina;0
ARG8;Jogador ARG8;Argentina;0
ARG9;Jogador ARG9;Argentina;0
ARG10;Jogador ARG10;Argentina;0
ARG11;Jogador ARG11;Argentina;0
ARG12;Jogador ARG12;Argentina;0
ARG13;Jogador ARG13;Argentina;0
ARG14;Jogador ARG14;Argentina;0
ARG15;Jogador ARG15;Argentina;0
ARG16;Jogador ARG16;Argentina;0
ARG17;Jogador ARG17;Argentina;0
ARG18;Jogador ARG18;Argentina;0
ARG19;Jogador ARG19;Argentina;0
ARG20;Jogador ARG20;Argentina;0
ALG1;Jogador ALG1;Argelia;0
ALG2;Jogador ALG2;Argelia;0
ALG3;Jogador ALG3;Argelia;0
ALG4;Jogador ALG4;Argelia;0
ALG5;Jogador ALG5;Argelia;0
ALG6;Jogador ALG6;Argelia;0
ALG7;Jogador ALG7;Argelia;0
ALG8;Jogador ALG8;Argelia;0
ALG9;Jogador ALG9;Argelia;0
ALG10;Jogador ALG10;Argelia;0
ALG11;Jogador ALG11;Argelia;0
ALG12;Jogador ALG12;Argelia;0
ALG13;Jogador ALG13;Argelia;0
ALG14;Jogador ALG14;Argelia;0
ALG15;Jogador ALG15;Argelia;0
ALG16;Jogador ALG16;Argelia;0
ALG17;Jogador ALG17;Argelia;0
ALG18;Jogador ALG18;Argelia;0
ALG19;Jogador ALG19;Argelia;0
ALG20;Jogador ALG20;Argelia;0
AUT1;Jogador AUT1;Austria;0
AUT2;Jogador AUT2;Austria;0
AUT3;Jogador AUT3;Austria;0
AUT4;Jogador AUT4;Austria;0
AUT5;Jogador AUT5;Austria;0
AUT6;Jogador AUT6;Austria;0
AUT7;Jogador AUT7;Austria;0
AUT8;Jogador AUT8;Austria;0
AUT9;Jogador AUT9;Austria;0
AUT10;Jogador AUT10;Austria;0
AUT11;Jogador AUT11;Austria;0
AUT12;Jogador AUT12;Austria;0
AUT13;Jogador AUT13;Austria;0
AUT14;Jogador AUT14;Austria;0
AUT15;Jogador AUT15;Austria;0
AUT16;Jogador AUT16;Austria;0
AUT17;Jogador AUT17;Austria;0
AUT18;Jogador AUT18;Austria;0
AUT19;Jogador AUT19;Austria;0
AUT20;Jogador AUT20;Austria;0
JOR1;Jogador JOR1;Jordania;0
JOR2;Jogador JOR2;Jordania;0
JOR3;Jogador JOR3;Jordania;0
JOR4;Jogador JOR4;Jordania;0
JOR5;Jogador JOR5;Jordania;0
JOR6;Jogador JOR6;Jordania;0
JOR7;Jogador JOR7;Jordania;0
JOR8;Jogador JOR8;Jordania;0
JOR9;Jogador JOR9;Jordania;0
JOR10;Jogador JOR10;Jordania;0
JOR11;Jogador JOR11;Jordania;0
JOR12;Jogador JOR12;Jordania;0
JOR13;Jogador JOR13;Jordania;0
JOR14;Jogador JOR14;Jordania;0
JOR15;Jogador JOR15;Jordania;0
JOR16;Jogador JOR16;Jordania;0
JOR17;Jogador JOR17;Jordania;0
JOR18;Jogador JOR18;Jordania;0
JOR19;Jogador JOR19;Jordania;0
JOR20;Jogador JOR20;Jordania;0
POR1;Jogador POR1;Portugal;0
POR2;Jogador POR2;Portugal;0
POR3;Jogador POR3;Portugal;0
POR4;Jogador POR4;Portugal;0
POR5;Jogador POR5;Portugal;0
POR6;Jogador POR6;Portugal;0
POR7;Jogador POR7;Portugal;0
POR8;Jogador POR8;Portugal;0
POR9;Jogador POR9;Portugal;0
POR10;Jogador POR10;Portugal;0
POR11;Jogador POR11;Portugal;0
POR12;Jogador POR12;Portugal;0
POR13;Jogador POR13;Portugal;0
POR14;Jogador POR14;Portugal;0
POR15;Jogador POR15;Portugal;0
POR16;Jogador POR16;Portugal;0
POR17;Jogador POR17;Portugal;0
POR18;Jogador POR18;Portugal;0
POR19;Jogador POR19;Portugal;0
POR20;Jogador POR20;Portugal;0
COD1;Jogador COD1;Congo;0
COD2;Jogador COD2;Congo;0
COD3;Jogador COD3;Congo;0
COD4;Jogador COD4;Congo;0
COD5;Jogador COD5;Congo;0
COD6;Jogador COD6;Congo;0
COD7;Jogador COD7;Congo;0
COD8;Jogador COD8;Congo;0
COD9;Jogador COD9;Congo;0
COD10;Jogador COD10;Congo;0
COD11;Jogador COD11;Congo;0
COD12;Jogador COD12;Congo;0
COD13;Jogador COD13;Congo;0
COD14;Jogador COD14;Congo;0
COD15;Jogador COD15;Congo;0
COD16;Jogador COD16;Congo;0
COD17;Jogador COD17;Congo;0
COD18;Jogador COD18;Congo;0
COD19;Jogador COD19;Congo;0
COD20;Jogador COD20;Congo;0
UZB1;Jogador UZB1;Uzbequistao;0
UZB2;Jogador UZB2;Uzbequistao;0
UZB3;Jogador UZB3;Uzbequistao;0
UZB4;Jogador UZB4;Uzbequistao;0
UZB5;Jogador UZB5;Uzbequistao;0
UZB6;Jogador UZB6;Uzbequistao;0
UZB7;Jogador UZB7;Uzbequistao;0
UZB8;Jogador UZB8;Uzbequistao;0
UZB9;Jogador UZB9;Uzbequistao;0
UZB10;Jogador UZB10;Uzbequistao;0
UZB11;Jogador UZB11;Uzbequistao;0
UZB12;Jogador UZB12;Uzbequistao;0
UZB13;Jogador UZB13;Uzbequistao;0
UZB14;Jogador UZB14;Uzbequistao;0
UZB15;Jogador UZB15;Uzbequistao;0
UZB16;Jogador UZB16;Uzbequistao;0
UZB17;Jogador UZB17;Uzbequistao;0
UZB18;Jogador UZB18;Uzbequistao;0
UZB19;Jogador UZB19;Uzbequistao;0
UZB20;Jogador UZB20;Uzbequistao;0
COL1;Jogador COL1;Colombia;0
COL2;Jogador COL2;Colombia;0
COL3;Jogador COL3;Colombia;0
COL4;Jogador COL4;Colombia;0
COL5;Jogador COL5;Colombia;0
COL6;Jogador COL6;Colombia;0
COL7;Jogador COL7;Colombia;0
COL8;Jogador COL8;Colombia;0
COL9;Jogador COL9;Colombia;0
COL10;Jogador COL10;Colombia;0
COL11;Jogador COL11;Colombia;0
COL12;Jogador COL12;Colombia;0
COL13;Jogador COL13;Colombia;0
COL14;Jogador COL14;Colombia;0
COL15;Jogador COL15;Colombia;0
COL16;Jogador COL16;Colombia;0
COL17;Jogador COL17;Colombia;0
COL18;Jogador COL18;Colombia;0
COL19;Jogador COL19;Colombia;0
COL20;Jogador COL20;Colombia;0
ENG1;Jogador ENG1;Inglaterra;0
ENG2;Jogador ENG2;Inglaterra;0
ENG3;Jogador ENG3;Inglaterra;0
ENG4;Jogador ENG4;Inglaterra;0
ENG5;Jogador ENG5;Inglaterra;0
ENG6;Jogador ENG6;Inglaterra;0
ENG7;Jogador ENG7;Inglaterra;0
ENG8;Jogador ENG8;Inglaterra;0
ENG9;Jogador ENG9;Inglaterra;0
ENG10;Jogador ENG10;Inglaterra;0
ENG11;Jogador ENG11;Inglaterra;0
ENG12;Jogador ENG12;Inglaterra;0
ENG13;Jogador ENG13;Inglaterra;0
ENG14;Jogador ENG14;Inglaterra;0
ENG15;Jogador ENG15;Inglaterra;0
ENG16;Jogador ENG16;Inglaterra;0
ENG17;Jogador ENG17;Inglaterra;0
ENG18;Jogador ENG18;Inglaterra;0
ENG19;Jogador ENG19;Inglaterra;0
ENG20;Jogador ENG20;Inglaterra;0
CRO1;Jogador CRO1;Croacia;0
CRO2;Jogador CRO2;Croacia;0
CRO3;Jogador CRO3;Croacia;0
CRO4;Jogador CRO4;Croacia;0
CRO5;Jogador CRO5;Croacia;0
CRO6;Jogador CRO6;Croacia;0
CRO7;Jogador CRO7;Croacia;0
CRO8;Jogador CRO8;Croacia;0
CRO9;Jogador CRO9;Croacia;0
CRO10;Jogador CRO10;Croacia;0
CRO11;Jogador CRO11;Croacia;0
CRO12;Jogador CRO12;Croacia;0
CRO13;Jogador CRO13;Croacia;0
CRO14;Jogador CRO14;Croacia;0
CRO15;Jogador CRO15;Croacia;0
CRO16;Jogador CRO16;Croacia;0
CRO17;Jogador CRO17;Croacia;0
CRO18;Jogador CRO18;Croacia;0
CRO19;Jogador CRO19;Croacia;0
CRO20;Jogador CRO20;Croacia;0
GHA1;Jogador GHA1;Gana;0
GHA2;Jogador GHA2;Gana;0
GHA3;Jogador GHA3;Gana;0
GHA4;Jogador GHA4;Gana;0
GHA5;Jogador GHA5;Gana;0
GHA6;Jogador GHA6;Gana;0
GHA7;Jogador GHA7;Gana;0
GHA8;Jogador GHA8;Gana;0
GHA9;Jogador GHA9;Gana;0
GHA10;Jogador GHA10;Gana;0
GHA11;Jogador GHA11;Gana;0
GHA12;Jogador GHA12;Gana;0
GHA13;Jogador GHA13;Gana;0
GHA14;Jogador GHA14;Gana;0
GHA15;Jogador GHA15;Gana;0
GHA16;Jogador GHA16;Gana;0
GHA17;Jogador GHA17;Gana;0
GHA18;Jogador GHA18;Gana;0
GHA19;Jogador GHA19;Gana;0
GHA20;Jogador GHA20;Gana;0
PAN1;Jogador PAN1;Panama;0
PAN2;Jogador PAN2;Panama;0
PAN3;Jogador PAN3;Panama;0
PAN4;Jogador PAN4;Panama;0
PAN5;Jogador PAN5;Panama;0
PAN6;Jogador PAN6;Panama;0
PAN7;Jogador PAN7;Panama;0
PAN8;Jogador PAN8;Panama;0
PAN9;Jogador PAN9;Panama;0
PAN10;Jogador PAN10;Panama;0
PAN11;Jogador PAN11;Panama;0
PAN12;Jogador PAN12;Panama;0
PAN13;Jogador PAN13;Panama;0
PAN14;Jogador PAN14;Panama;0
PAN15;Jogador PAN15;Panama;0
PAN16;Jogador PAN16;Panama;0
PAN17;Jogador PAN17;Panama;0
PAN18;Jogador PAN18;Panama;0
PAN19;Jogador PAN19;Panama;0
PAN20;Jogador PAN20;Panama;0
CC1;Especial CC1;Coca-Cola;0
CC2;Especial CC2;Coca-Cola;0
CC3;Especial CC3;Coca-Cola;0
CC4;Especial CC4;Coca-Cola;0
CC5;Especial CC5;Coca-Cola;0
CC6;Especial CC6;Coca-Cola;0
CC7;Especial CC7;Coca-Cola;0
CC8;Especial CC8;Coca-Cola;0
CC9;Especial CC9;Coca-Cola;0
CC10;Especial CC10;Coca-Cola;0
CC11;Especial CC11;Coca-Cola;0
CC12;Especial CC12;Coca-Cola;0
CC13;Especial CC13;Coca-Cola;0
CC14;Especial CC14;Coca-Cola;0
FWC1;Historia FWC1;FWC;0
FWC2;Historia FWC2;FWC;0
FWC3;Historia FWC3;FWC;0
FWC4;Historia FWC4;FWC;0
FWC5;Historia FWC5;FWC;0
FWC6;Historia FWC6;FWC;0
FWC7;Historia FWC7;FWC;0
FWC8;Historia FWC8;FWC;0
FWC9;Historia FWC9;FWC;0
FWC10;Historia FWC10;FWC;0
FWC11;Historia FWC11;FWC;0
FWC12;Historia FWC12;FWC;0
FWC13;Historia FWC13;FWC;0
FWC14;Historia FWC14;FWC;0
FWC15;Historia FWC15;FWC;0
FWC16;Historia FWC16;FWC;0
FWC17;Historia FWC17;FWC;0
FWC18;Historia FWC18;FWC;0
FWC19;Historia FWC19;FWC;0
